{
  "generatedAtUTC": "2026-04-23T18:52:11.180Z",
  "startBalance": 385,
  "outputSource": "trades_backtest.json",
  "modes": [
    {
      "key": "ny_only",
      "label": "NY Only (12:30-16:00 UTC)",
      "trades": 757,
      "winRate": 42.932628797886395,
      "net": 356.6245299999647,
      "expectancy": 0.47110241743720566,
      "profitFactor": 1.149168171717799,
      "endBalance": 741.6245299999642,
      "roiPct": 92.62974805193875,
      "maxDrawdownPct": 27.166986935761976
    },
    {
      "key": "ny_trimmed",
      "label": "NY Trimmed (12:45-15:45 UTC)",
      "trades": 670,
      "winRate": 42.53731343283582,
      "net": 264.9773799999587,
      "expectancy": 0.39548862686561004,
      "profitFactor": 1.1238410028070165,
      "endBalance": 649.9773799999579,
      "roiPct": 68.82529350648257,
      "maxDrawdownPct": 26.98552425319213
    },
    {
      "key": "all_windows",
      "label": "All Windows (London + NY)",
      "trades": 1437,
      "winRate": 42.51913709116214,
      "net": 523.9525499999974,
      "expectancy": 0.36461555323590633,
      "profitFactor": 1.1208649079786646,
      "endBalance": 908.9525499999969,
      "roiPct": 136.09157142857066,
      "maxDrawdownPct": 17.873492918421015
    }
  ],
  "winners": {
    "bestByProfitFactor": {
      "key": "ny_only",
      "label": "NY Only (12:30-16:00 UTC)"
    },
    "bestByExpectancy": {
      "key": "ny_only",
      "label": "NY Only (12:30-16:00 UTC)"
    }
  }
}