{
  "generatedAtUTC": "2026-04-23T18:52:01.973Z",
  "startBalance": 385,
  "outputSource": "trades_backtest.json",
  "modes": [
    {
      "key": "ny_only",
      "label": "NY Only (12:30-16:00 UTC)",
      "trades": 663,
      "winRate": 42.68476621417798,
      "net": 271.06110999998396,
      "expectancy": 0.40884028657614474,
      "profitFactor": 1.1265247155352647,
      "endBalance": 656.061109999983,
      "roiPct": 70.40548311687871,
      "maxDrawdownPct": 34.36245470198978
    },
    {
      "key": "ny_trimmed",
      "label": "NY Trimmed (12:45-15:45 UTC)",
      "trades": 589,
      "winRate": 41.935483870967744,
      "net": 161.20827999997272,
      "expectancy": 0.273698268251227,
      "profitFactor": 1.0833565930406381,
      "endBalance": 546.2082799999721,
      "roiPct": 41.87228051947327,
      "maxDrawdownPct": 33.11777872237484
    },
    {
      "key": "all_windows",
      "label": "All Windows (London + NY)",
      "trades": 1218,
      "winRate": 43.18555008210181,
      "net": 496.04777000000075,
      "expectancy": 0.40726417898193823,
      "profitFactor": 1.132426688177097,
      "endBalance": 881.0477700000006,
      "roiPct": 128.84357662337678,
      "maxDrawdownPct": 19.110912983784445
    }
  ],
  "winners": {
    "bestByProfitFactor": {
      "key": "all_windows",
      "label": "All Windows (London + NY)"
    },
    "bestByExpectancy": {
      "key": "ny_only",
      "label": "NY Only (12:30-16:00 UTC)"
    }
  }
}