{
  "generatedAtUTC": "2026-04-23T18:34:20.320Z",
  "startBalance": 385,
  "outputSource": "trades_backtest.json",
  "modes": [
    {
      "key": "ny_only",
      "label": "NY Only (12:30-16:00 UTC)",
      "trades": 736,
      "winRate": 42.934782608695656,
      "net": 340.6560299999689,
      "expectancy": 0.46284786684778384,
      "profitFactor": 1.147198981941191,
      "endBalance": 725.6560299999679,
      "roiPct": 88.48208571427737,
      "maxDrawdownPct": 28.07850079114654
    },
    {
      "key": "ny_trimmed",
      "label": "NY Trimmed (12:45-15:45 UTC)",
      "trades": 650,
      "winRate": 42.46153846153846,
      "net": 247.82000999996598,
      "expectancy": 0.3812615538461015,
      "profitFactor": 1.1198321823417534,
      "endBalance": 632.8200099999655,
      "roiPct": 64.3688337662248,
      "maxDrawdownPct": 26.101203787465625
    },
    {
      "key": "all_windows",
      "label": "All Windows (London + NY)",
      "trades": 1407,
      "winRate": 42.359630419331914,
      "net": 491.7001900000086,
      "expectancy": 0.34946708599858467,
      "profitFactor": 1.1163724494426768,
      "endBalance": 876.700190000009,
      "roiPct": 127.71433506493742,
      "maxDrawdownPct": 17.500630316148808
    }
  ],
  "winners": {
    "bestByProfitFactor": {
      "key": "ny_only",
      "label": "NY Only (12:30-16:00 UTC)"
    },
    "bestByExpectancy": {
      "key": "ny_only",
      "label": "NY Only (12:30-16:00 UTC)"
    }
  }
}