{
  "generatedAtUTC": "2026-04-23T18:51:51.805Z",
  "startBalance": 385,
  "outputSource": "trades_backtest.json",
  "modes": [
    {
      "key": "ny_only",
      "label": "NY Only (12:30-16:00 UTC)",
      "trades": 736,
      "winRate": 43.34239130434783,
      "net": 362.58411999996616,
      "expectancy": 0.49264146739125836,
      "profitFactor": 1.1554850095165465,
      "endBalance": 747.5841199999655,
      "roiPct": 94.17769350648454,
      "maxDrawdownPct": 26.34198375659395
    },
    {
      "key": "ny_trimmed",
      "label": "NY Trimmed (12:45-15:45 UTC)",
      "trades": 655,
      "winRate": 42.74809160305343,
      "net": 257.13128999996115,
      "expectancy": 0.39256685496177274,
      "profitFactor": 1.1225334436517773,
      "endBalance": 642.1312899999604,
      "roiPct": 66.78734805193776,
      "maxDrawdownPct": 26.52999580062007
    },
    {
      "key": "all_windows",
      "label": "All Windows (London + NY)",
      "trades": 1387,
      "winRate": 42.68204758471521,
      "net": 497.07015999999095,
      "expectancy": 0.35837790915644624,
      "profitFactor": 1.117866612394023,
      "endBalance": 882.0701599999908,
      "roiPct": 129.10913246753006,
      "maxDrawdownPct": 18.01326289103417
    }
  ],
  "winners": {
    "bestByProfitFactor": {
      "key": "ny_only",
      "label": "NY Only (12:30-16:00 UTC)"
    },
    "bestByExpectancy": {
      "key": "ny_only",
      "label": "NY Only (12:30-16:00 UTC)"
    }
  }
}