{
  "generatedAtUTC": "2026-05-21T12:11:02.758Z",
  "cases": [
    {
      "key": "london_usdjpy",
      "label": "London Candidate B USD_JPY only",
      "summary": {
        "total": 113,
        "wins": 48,
        "losses": 65,
        "winRate": "42.5",
        "netProfit": 153.4205718003086,
        "finalBalance": 2091.4050679243396,
        "dailyRiskSimulation": {
          "blockedDays": 6,
          "blockedSignals": 0,
          "blockedPendingTriggers": 0
        }
      },
      "byPair": {
        "USD_JPY": {
          "total": 113,
          "wins": 48,
          "losses": 65,
          "winRate": "42.5",
          "grossProfit": 782.37,
          "grossLoss": 628.95,
          "netProfit": 153.42,
          "profitFactor": "1.244",
          "expectancy": 1.358,
          "avgWin": 16.3,
          "avgLoss": -9.68
        }
      },
      "diagnostics": {
        "byPair": [
          {
            "key": "USD_JPY",
            "n": 113,
            "winRate": 42.47787610619469,
            "net": 153.4205718003079,
            "profitFactor": 1.2439303754688686,
            "expectancy": 1.3577041752239636,
            "avgWin": 16.299434923914877,
            "avgLoss": -9.676189300732405
          }
        ],
        "byWeekday": [
          {
            "key": "Wed",
            "n": 31,
            "winRate": 41.935483870967744,
            "net": 88.17196463353004,
            "profitFactor": 1.485680251206065,
            "expectancy": 2.8442569236622592,
            "avgWin": 20.74732315231,
            "avgLoss": -10.085735352583328
          },
          {
            "key": "Tue",
            "n": 46,
            "winRate": 39.130434782608695,
            "net": 32.66569955860428,
            "profitFactor": 1.1250932899694652,
            "expectancy": 0.7101239034479192,
            "avgWin": 16.32202272334123,
            "avgLoss": -9.326096766483493
          },
          {
            "key": "Thu",
            "n": 36,
            "winRate": 47.22222222222222,
            "net": 32.5829076081736,
            "profitFactor": 1.174915152939086,
            "expectancy": 0.9050807668937111,
            "avgWin": 12.87419213810248,
            "avgLoss": -9.804124144187819
          }
        ],
        "byHour": [
          {
            "key": "08:00-09:00",
            "n": 35,
            "winRate": 51.42857142857142,
            "net": 103.38936497360757,
            "profitFactor": 1.5992781846372623,
            "expectancy": 2.9539818563887876,
            "avgWin": 15.328473502193718,
            "avgLoss": -10.148421062698782
          },
          {
            "key": "07:00-08:00",
            "n": 69,
            "winRate": 40.57971014492754,
            "net": 64.63644995316925,
            "profitFactor": 1.1555326148403837,
            "expectancy": 0.9367601442488297,
            "avgWin": 17.150634773162203,
            "avgLoss": -10.136129846228597
          },
          {
            "key": "09:00-10:00",
            "n": 9,
            "winRate": 22.22222222222222,
            "net": -14.605243126468903,
            "profitFactor": 0.6424474517807622,
            "expectancy": -1.622804791829878,
            "avgWin": 13.121289829942805,
            "avgLoss": -5.835403255193502
          }
        ],
        "byBreakDirection": [
          {
            "key": "break_down_inferred",
            "n": 64,
            "winRate": 43.75,
            "net": 182.74002435572697,
            "profitFactor": 1.5187445615120339,
            "expectancy": 2.855312880558234,
            "avgWin": 19.107630142932965,
            "avgLoss": -9.785378323511004
          },
          {
            "key": "break_up_inferred",
            "n": 49,
            "winRate": 40.816326530612244,
            "net": -29.319452555418955,
            "profitFactor": 0.8940306783448547,
            "expectancy": -0.5983561746003868,
            "avgWin": 12.367961617289561,
            "avgLoss": -9.540644306938281
          }
        ],
        "byRiskBand": [
          {
            "key": "unknown",
            "n": 113,
            "winRate": 42.47787610619469,
            "net": 153.4205718003079,
            "profitFactor": 1.2439303754688686,
            "expectancy": 1.3577041752239636,
            "avgWin": 16.299434923914877,
            "avgLoss": -9.676189300732405
          }
        ],
        "byExitReason": [
          {
            "key": "TIME",
            "n": 60,
            "winRate": 78.33333333333333,
            "net": 691.1839911118818,
            "profitFactor": 15.932539733513451,
            "expectancy": 11.51973318519803,
            "avgWin": 15.690874323449659,
            "avgLoss": -3.560546314634771
          },
          {
            "key": "TP",
            "n": 1,
            "winRate": 100,
            "net": 44.901783145780286,
            "profitFactor": null,
            "expectancy": 44.901783145780286,
            "avgWin": 44.901783145780286,
            "avgLoss": 0
          },
          {
            "key": "SL",
            "n": 52,
            "winRate": 0,
            "net": -582.6652024573542,
            "profitFactor": 0,
            "expectancy": -11.205100047256812,
            "avgWin": 0,
            "avgLoss": -11.205100047256812
          }
        ],
        "byPairHour": [
          {
            "key": "USD_JPY 08:00-09:00",
            "n": 35,
            "winRate": 51.42857142857142,
            "net": 103.38936497360757,
            "profitFactor": 1.5992781846372623,
            "expectancy": 2.9539818563887876,
            "avgWin": 15.328473502193718,
            "avgLoss": -10.148421062698782
          },
          {
            "key": "USD_JPY 07:00-08:00",
            "n": 69,
            "winRate": 40.57971014492754,
            "net": 64.63644995316925,
            "profitFactor": 1.1555326148403837,
            "expectancy": 0.9367601442488297,
            "avgWin": 17.150634773162203,
            "avgLoss": -10.136129846228597
          },
          {
            "key": "USD_JPY 09:00-10:00",
            "n": 9,
            "winRate": 22.22222222222222,
            "net": -14.605243126468903,
            "profitFactor": 0.6424474517807622,
            "expectancy": -1.622804791829878,
            "avgWin": 13.121289829942805,
            "avgLoss": -5.835403255193502
          }
        ],
        "byPairWeekday": [
          {
            "key": "USD_JPY Wed",
            "n": 31,
            "winRate": 41.935483870967744,
            "net": 88.17196463353004,
            "profitFactor": 1.485680251206065,
            "expectancy": 2.8442569236622592,
            "avgWin": 20.74732315231,
            "avgLoss": -10.085735352583328
          },
          {
            "key": "USD_JPY Tue",
            "n": 46,
            "winRate": 39.130434782608695,
            "net": 32.66569955860428,
            "profitFactor": 1.1250932899694652,
            "expectancy": 0.7101239034479192,
            "avgWin": 16.32202272334123,
            "avgLoss": -9.326096766483493
          },
          {
            "key": "USD_JPY Thu",
            "n": 36,
            "winRate": 47.22222222222222,
            "net": 32.5829076081736,
            "profitFactor": 1.174915152939086,
            "expectancy": 0.9050807668937111,
            "avgWin": 12.87419213810248,
            "avgLoss": -9.804124144187819
          }
        ]
      }
    },
    {
      "key": "london_eurusd_usdjpy_braked",
      "label": "London Candidate B EUR_USD+USD_JPY max 1 loss/day",
      "summary": {
        "total": 316,
        "wins": 136,
        "losses": 180,
        "winRate": "43.0",
        "netProfit": 238.419681058871,
        "finalBalance": 2176.404177182902,
        "dailyRiskSimulation": {
          "blockedDays": 9,
          "blockedSignals": 0,
          "blockedPendingTriggers": 0
        }
      },
      "byPair": {
        "EUR_USD": {
          "total": 208,